{"ph":{"min":0.2274990502,"max":14.0},"Hardness":{"min":73.4922336891,"max":317.3381240556},"Solids":{"min":320.9426112744,"max":56488.6724127392},"Chloramines":{"min":1.3908709049,"max":13.127},"Sulfate":{"min":129.0,"max":481.030642306},"Conductivity":{"min":201.6197367552,"max":753.3426195583},"Organic_carbon":{"min":2.2,"max":27.0067066112},"Trihalomethanes":{"min":8.577012933,"max":124.0},"Turbidity":{"min":1.45,"max":6.494748556},"Potability":{"min":0.0,"max":1.0}}